point_id,timestamp,time_from_start,x_pixel,y_pixel,x_normalized,y_normalized,velocity_px_per_sec,movement_direction_x,movement_direction_y,acceleration,movement_type,is_fixation,fixation_duration,fixation_center_x,fixation_center_y,estimated_line,estimated_word_position,session_duration,total_fixations,average_velocity,reading_speed_wpm,fixation_rate
0,1756106392.7203336,106.95721244812012,717,111,0.6638888888888889,0.15416666666666667,221.39371865927686,0,0,0,smooth_pursuit,True,0,0,0,3.0833333333333335,7.966666666666667,117.89485144615173,190,686.389872585452,108.0104173268337,1.611605576234872
1,1756106392.7490222,106.98590111732483,716,106,0.662962962962963,0.14722222222222223,177.7363556743617,-1,-5,0,smooth_pursuit,True,0,0,0,2.9444444444444446,7.955555555555556,117.89485144615173,190,686.389872585452,108.0104173268337,1.611605576234872
2,1756106392.7843668,107.02124571800232,716,103,0.662962962962963,0.14305555555555555,84.8785936888685,0,-3,-92.8577619854932,smooth_pursuit,True,0,0,0,2.861111111111111,7.955555555555556,117.89485144615173,190,686.389872585452,108.0104173268337,1.611605576234872
3,1756106392.8182359,107.05511474609375,715,100,0.6620370370370371,0.1388888888888889,93.36783009042057,-1,-3,8.489236401552063,smooth_pursuit,True,0,0,0,2.7777777777777777,7.944444444444445,117.89485144615173,190,686.389872585452,108.0104173268337,1.611605576234872
4,1756106392.8507473,107.08762621879578,715,97,0.6620370370370371,0.13472222222222222,92.27511861722022,0,-3,-1.0927114732003531,smooth_pursuit,True,0,0,0,2.6944444444444446,7.944444444444445,117.89485144615173,190,686.389872585452,108.0104173268337,1.611605576234872
5,1756106392.875735,107.1126139163971,715,108,0.6620370370370371,0.15,440.21662881896077,0,11,347.9415102017406,saccade,True,0,0,0,3.0,7.944444444444445,117.89485144615173,190,686.389872585452,108.0104173268337,1.611605576234872
6,1756106392.9090817,107.14596056938171,725,103,0.6712962962962963,0.14305555555555555,335.27622375342395,10,-5,-104.94040506553682,saccade,True,0,0,0,2.861111111111111,8.055555555555555,117.89485144615173,190,686.389872585452,108.0104173268337,1.611605576234872
7,1756106392.9429176,107.17979645729065,733,100,0.6787037037037037,0.1388888888888889,252.51306448089952,8,-3,-82.76315927252443,smooth_pursuit,True,0,0,0,2.7777777777777777,8.144444444444444,117.89485144615173,190,686.389872585452,108.0104173268337,1.611605576234872
8,1756106392.9804575,107.2173364162445,728,100,0.674074074074074,0.1388888888888889,133.1914082843243,-5,0,-119.32165619657522,smooth_pursuit,True,0,0,0,2.7777777777777777,8.088888888888889,117.89485144615173,190,686.389872585452,108.0104173268337,1.611605576234872
9,1756106393.0062907,107.24316954612732,724,97,0.6703703703703704,0.13472222222222222,193.54991139988186,-4,-3,60.35850311555757,smooth_pursuit,True,0,0,0,2.6944444444444446,8.044444444444444,117.89485144615173,190,686.389872585452,108.0104173268337,1.611605576234872
10,1756106393.0533974,107.2902762889862,721,96,0.6675925925925926,0.13333333333333333,67.13004271259679,-3,-1,-126.41986868728507,smooth_pursuit,True,0,0,0,2.6666666666666665,8.011111111111111,117.89485144615173,190,686.389872585452,108.0104173268337,1.611605576234872
11,1756106393.0873458,107.32422471046448,719,93,0.6657407407407407,0.12916666666666668,106.20674300782156,-2,-3,39.07670029522477,smooth_pursuit,True,0,0,0,2.5833333333333335,7.988888888888889,117.89485144615173,190,686.389872585452,108.0104173268337,1.611605576234872
12,1756106393.1229184,107.35979723930359,718,92,0.6648148148148149,0.12777777777777777,39.75577808283885,-1,-1,-66.45096492498271,smooth_pursuit,True,0,0,0,2.5555555555555554,7.977777777777778,117.89485144615173,190,686.389872585452,108.0104173268337,1.611605576234872
13,1756106393.1527388,107.3896176815033,717,91,0.6638888888888889,0.12638888888888888,47.424298838432016,-1,-1,7.668520755593164,smooth_pursuit,True,0,0,0,2.5277777777777777,7.966666666666667,117.89485144615173,190,686.389872585452,108.0104173268337,1.611605576234872
14,1756106393.185433,107.42231178283691,715,89,0.6620370370370371,0.12361111111111112,86.51184799007828,-2,-2,39.087549151646265,smooth_pursuit,True,0,0,0,2.4722222222222223,7.944444444444445,117.89485144615173,190,686.389872585452,108.0104173268337,1.611605576234872
15,1756106393.2200737,107.4569525718689,715,88,0.6620370370370371,0.12222222222222222,28.8677027268848,0,-1,-57.64414526319348,fixation,True,0,0,0,2.4444444444444446,7.944444444444445,117.89485144615173,190,686.389872585452,108.0104173268337,1.611605576234872
16,1756106393.2525284,107.4894073009491,704,87,0.6518518518518519,0.12083333333333333,340.33132705845804,-11,-1,311.4636243315732,saccade,True,2.2368292808532715,674.0063781685342,100.70056820890444,2.4166666666666665,7.822222222222222,117.89485144615173,190,686.389872585452,108.0104173268337,1.611605576234872
17,1756106393.286171,107.52304983139038,716,86,0.662962962962963,0.11944444444444445,357.9277307873234,12,-1,17.59640372886537,saccade,True,0,0,0,2.388888888888889,7.955555555555556,117.89485144615173,190,686.389872585452,108.0104173268337,1.611605576234872
18,1756106393.319485,107.55636382102966,725,85,0.6712962962962963,0.11805555555555555,271.81929382182886,9,-1,-86.10843696549455,smooth_pursuit,True,0,0,0,2.361111111111111,8.055555555555555,117.89485144615173,190,686.389872585452,108.0104173268337,1.611605576234872
19,1756106393.3482897,107.5851686000824,723,84,0.6694444444444444,0.11666666666666667,77.62836761934908,-2,-1,-194.19092620247977,smooth_pursuit,True,0,0,0,2.3333333333333335,8.033333333333333,117.89485144615173,190,686.389872585452,108.0104173268337,1.611605576234872
20,1756106393.375558,107.61243677139282,721,85,0.6675925925925926,0.11805555555555555,82.00285791240155,-2,1,4.3744902930524745,smooth_pursuit,True,0,0,0,2.361111111111111,8.011111111111111,117.89485144615173,190,686.389872585452,108.0104173268337,1.611605576234872
21,1756106393.4266107,107.66348958015442,719,86,0.6657407407407407,0.11944444444444445,43.79911765367592,-2,1,-38.20374025872563,smooth_pursuit,True,0,0,0,2.388888888888889,7.988888888888889,117.89485144615173,190,686.389872585452,108.0104173268337,1.611605576234872
22,1756106393.4566944,107.69357323646545,718,86,0.6648148148148149,0.11944444444444445,33.24064035504834,-1,0,-10.55847729862758,smooth_pursuit,True,0,0,0,2.388888888888889,7.977777777777778,117.89485144615173,190,686.389872585452,108.0104173268337,1.611605576234872
23,1756106393.4883173,107.72519612312317,717,86,0.6638888888888889,0.11944444444444445,31.622666546035767,-1,0,-1.6179738090125753,smooth_pursuit,True,0,0,0,2.388888888888889,7.966666666666667,117.89485144615173,190,686.389872585452,108.0104173268337,1.611605576234872
24,1756106393.5173018,107.75418066978455,716,87,0.662962962962963,0.12083333333333333,48.79198487715491,-1,1,17.169318331119143,smooth_pursuit,True,0,0,0,2.4166666666666665,7.955555555555556,117.89485144615173,190,686.389872585452,108.0104173268337,1.611605576234872
25,1756106393.5484264,107.78530526161194,715,86,0.6620370370370371,0.11944444444444445,45.437176179398236,-1,-1,-3.354808697756674,smooth_pursuit,True,0,0,0,2.388888888888889,7.944444444444445,117.89485144615173,190,686.389872585452,108.0104173268337,1.611605576234872
26,1756106393.5817652,107.81864404678345,715,88,0.6620370370370371,0.12222222222222222,59.990188296038845,0,2,14.553012116640609,smooth_pursuit,True,0,0,0,2.4444444444444446,7.944444444444445,117.89485144615173,190,686.389872585452,108.0104173268337,1.611605576234872
27,1756106393.6156042,107.85248303413391,715,89,0.6620370370370371,0.12361111111111112,29.55171174725747,0,1,-30.438476548781374,fixation,True,0,0,0,2.4722222222222223,7.944444444444445,117.89485144615173,190,686.389872585452,108.0104173268337,1.611605576234872
28,1756106393.6448467,107.88172554969788,705,89,0.6527777777777778,0.12361111111111112,341.9678439813456,-10,0,312.41613223408814,saccade,True,0,0,0,2.4722222222222223,7.833333333333333,117.89485144615173,190,686.389872585452,108.0104173268337,1.611605576234872
29,1756106393.6813207,107.91819953918457,716,103,0.662962962962963,0.14305555555555555,488.14220943009025,11,14,146.17436544874465,saccade,True,0,0,0,2.861111111111111,7.955555555555556,117.89485144615173,190,686.389872585452,108.0104173268337,1.611605576234872
30,1756106393.7132518,107.95013070106506,726,99,0.6722222222222223,0.1375,337.2983937940771,10,-4,-150.84381563601312,saccade,True,0,0,0,2.75,8.066666666666666,117.89485144615173,190,686.389872585452,108.0104173268337,1.611605576234872
31,1756106393.7555554,107.99243426322937,733,112,0.6787037037037037,0.15555555555555556,349.0207988369151,7,13,11.722405042837977,saccade,True,0,0,0,3.111111111111111,8.144444444444444,117.89485144615173,190,686.389872585452,108.0104173268337,1.611605576234872
32,1756106393.8001013,108.03698015213013,739,108,0.6842592592592592,0.15,161.88031553245,6,-4,-187.1404833044651,smooth_pursuit,True,0,0,0,3.0,8.21111111111111,117.89485144615173,190,686.389872585452,108.0104173268337,1.611605576234872
33,1756106393.8244102,108.06128907203674,733,107,0.6787037037037037,0.1486111111111111,250.2275935609406,-6,-1,88.34727802849059,smooth_pursuit,True,0,0,0,2.9722222222222223,8.144444444444444,117.89485144615173,190,686.389872585452,108.0104173268337,1.611605576234872
34,1756106393.8530865,108.08996534347534,728,103,0.674074074074074,0.14305555555555555,223.28998562951807,-5,-4,-26.93760793142252,smooth_pursuit,True,0,0,0,2.861111111111111,8.088888888888889,117.89485144615173,190,686.389872585452,108.0104173268337,1.611605576234872
35,1756106393.8830304,108.11990928649902,724,102,0.6703703703703704,0.14166666666666666,137.6941447676693,-4,-1,-85.59584086184879,smooth_pursuit,True,0,0,0,2.8333333333333335,8.044444444444444,117.89485144615173,190,686.389872585452,108.0104173268337,1.611605576234872
36,1756106393.9220262,108.15890502929688,721,101,0.6675925925925926,0.14027777777777778,81.0928945900885,-3,-1,-56.60125017758078,smooth_pursuit,True,0,0,0,2.8055555555555554,8.011111111111111,117.89485144615173,190,686.389872585452,108.0104173268337,1.611605576234872
37,1756106393.948201,108.18507981300354,696,99,0.6444444444444445,0.1375,958.1692322287527,-25,-2,877.0763376386642,saccade,True,2.2368292808532715,674.0063781685342,100.70056820890444,2.75,7.733333333333333,117.89485144615173,190,686.389872585452,108.0104173268337,1.611605576234872
38,1756106393.9866297,108.22350859642029,684,101,0.6333333333333333,0.14027777777777778,316.57325522552077,-12,2,-641.5959770032318,saccade,True,2.2368292808532715,674.0063781685342,100.70056820890444,2.8055555555555554,7.6,117.89485144615173,190,686.389872585452,108.0104173268337,1.611605576234872
39,1756106394.0182254,108.25510430335999,675,100,0.625,0.1388888888888889,286.6017574925697,-9,-1,-29.971497732951093,smooth_pursuit,True,2.2368292808532715,674.0063781685342,100.70056820890444,2.7777777777777777,7.5,117.89485144615173,190,686.389872585452,108.0104173268337,1.611605576234872
40,1756106394.049146,108.28602480888367,662,101,0.6129629629629629,0.14027777777777778,421.67502081812154,-13,1,135.07326332555186,saccade,True,2.2368292808532715,674.0063781685342,100.70056820890444,2.8055555555555554,7.355555555555555,117.89485144615173,190,686.389872585452,108.0104173268337,1.611605576234872
41,1756106394.081116,108.31799483299255,633,101,0.5861111111111111,0.14027777777777778,907.0997225785281,-29,0,485.4247017604066,saccade,False,0,0,0,2.8055555555555554,7.033333333333333,117.89485144615173,190,686.389872585452,108.0104173268337,1.611605576234872
42,1756106394.1331813,108.3700602054596,610,184,0.5648148148148148,0.25555555555555554,1654.2244474493957,-23,83,747.1247248708676,saccade,False,0,0,0,5.111111111111111,6.777777777777778,117.89485144615173,190,686.389872585452,108.0104173268337,1.611605576234872
43,1756106394.1545315,108.39141035079956,592,239,0.5481481481481482,0.33194444444444443,2710.5457252598635,-18,55,1056.3212778104678,saccade,False,0,0,0,6.638888888888889,6.5777777777777775,117.89485144615173,190,686.389872585452,108.0104173268337,1.611605576234872
44,1756106394.1895957,108.42647457122803,579,213,0.5361111111111111,0.29583333333333334,829.01839402931,-13,-26,-1881.5273312305535,saccade,False,0,0,0,5.916666666666667,6.433333333333334,117.89485144615173,190,686.389872585452,108.0104173268337,1.611605576234872
45,1756106394.2212784,108.4581573009491,544,260,0.5037037037037037,0.3611111111111111,1849.5988764807923,-35,47,1020.5804824514823,saccade,False,0,0,0,7.222222222222222,6.044444444444444,117.89485144615173,190,686.389872585452,108.0104173268337,1.611605576234872
46,1756106394.2555342,108.49241304397583,517,300,0.4787037037037037,0.4166666666666667,1408.8065177973933,-27,40,-440.792358683399,saccade,False,0,0,0,8.333333333333334,5.7444444444444445,117.89485144615173,190,686.389872585452,108.0104173268337,1.611605576234872
47,1756106394.2863514,108.52323031425476,497,333,0.4601851851851852,0.4625,1252.1408422578963,-20,33,-156.665675539497,saccade,False,0,0,0,9.25,5.522222222222222,117.89485144615173,190,686.389872585452,108.0104173268337,1.611605576234872
48,1756106394.3193126,108.55619144439697,482,360,0.4462962962962963,0.5,937.0701274409727,-15,27,-315.07071481692367,saccade,False,0,0,0,10.0,5.355555555555555,117.89485144615173,190,686.389872585452,108.0104173268337,1.611605576234872
49,1756106394.35313,108.59000897407532,470,311,0.4351851851851852,0.43194444444444446,1491.7704960224357,-12,-49,554.7003685814631,saccade,False,0,0,0,8.63888888888889,5.222222222222222,117.89485144615173,190,686.389872585452,108.0104173268337,1.611605576234872
50,1756106394.3833044,108.62018322944641,462,338,0.42777777777777776,0.46944444444444444,933.254369804079,-8,27,-558.5161262183567,saccade,False,0,0,0,9.38888888888889,5.133333333333334,117.89485144615173,190,686.389872585452,108.0104173268337,1.611605576234872
51,1756106394.4168186,108.65369749069214,456,310,0.4222222222222222,0.4305555555555556,854.4315483070131,-6,-28,-78.82282149706589,saccade,False,0,0,0,8.61111111111111,5.066666666666666,117.89485144615173,190,686.389872585452,108.0104173268337,1.611605576234872
52,1756106394.4488995,108.68577837944031,433,277,0.4009259259259259,0.38472222222222224,1253.8421562442961,-23,-33,399.410607937283,saccade,False,0,0,0,7.694444444444445,4.811111111111111,117.89485144615173,190,686.389872585452,108.0104173268337,1.611605576234872
53,1756106394.4963744,108.73325324058533,408,251,0.37777777777777777,0.3486111111111111,759.7574110551519,-25,-26,-494.0847451891442,saccade,False,0,0,0,6.972222222222222,4.533333333333333,117.89485144615173,190,686.389872585452,108.0104173268337,1.611605576234872
54,1756106394.525463,108.76234197616577,388,271,0.3592592592592593,0.3763888888888889,972.3444722869544,-20,20,212.58706123180252,saccade,False,0,0,0,7.527777777777778,4.311111111111111,117.89485144615173,190,686.389872585452,108.0104173268337,1.611605576234872
55,1756106394.5555868,108.7924656867981,375,296,0.3472222222222222,0.4111111111111111,935.4095168134553,-13,25,-36.934955473499144,saccade,False,0,0,0,8.222222222222221,4.166666666666667,117.89485144615173,190,686.389872585452,108.0104173268337,1.611605576234872
56,1756106394.5888572,108.8257360458374,367,322,0.3398148148148148,0.44722222222222224,817.6329262131642,-8,26,-117.77659060029112,saccade,False,0,0,0,8.944444444444445,4.0777777777777775,117.89485144615173,190,686.389872585452,108.0104173268337,1.611605576234872
57,1756106394.6220028,108.85888171195984,363,344,0.33611111111111114,0.4777777777777778,674.6185064557144,-4,22,-143.0144197574498,saccade,True,0,0,0,9.555555555555555,4.033333333333333,117.89485144615173,190,686.389872585452,108.0104173268337,1.611605576234872
58,1756106394.6545482,108.8914270401001,360,368,0.3333333333333333,0.5111111111111111,743.1718967668495,-3,24,68.5533903111351,saccade,True,0.21008801460266113,338.59375,395.3125,10.222222222222221,4.0,117.89485144615173,190,686.389872585452,108.0104173268337,1.611605576234872
59,1756106394.6881924,108.92507123947144,358,379,0.3314814814814815,0.5263888888888889,332.31106985484354,-2,11,-410.86082691200596,saccade,True,0.21008801460266113,338.59375,395.3125,10.527777777777779,3.977777777777778,117.89485144615173,190,686.389872585452,108.0104173268337,1.611605576234872
60,1756106394.7234688,108.9603476524353,345,383,0.3194444444444444,0.5319444444444444,385.5684114670932,-13,4,53.25734161224966,saccade,True,0.21008801460266113,338.59375,395.3125,10.63888888888889,3.8333333333333335,117.89485144615173,190,686.389872585452,108.0104173268337,1.611605576234872
61,1756106394.7543683,108.99124717712402,338,396,0.31296296296296294,0.55,477.8333391523988,-7,13,92.26492768530562,saccade,True,0.21008801460266113,338.59375,395.3125,11.0,3.7555555555555555,117.89485144615173,190,686.389872585452,108.0104173268337,1.611605576234872
62,1756106394.7856393,109.02251815795898,332,405,0.3074074074074074,0.5625,345.90068931572995,-6,9,-131.93264983666887,saccade,True,0.21008801460266113,338.59375,395.3125,11.25,3.688888888888889,117.89485144615173,190,686.389872585452,108.0104173268337,1.611605576234872
63,1756106394.8320909,109.0689697265625,315,424,0.2916666666666667,0.5888888888888889,548.8533182932032,-17,19,202.95262897747324,saccade,False,0.21008801460266113,338.59375,395.3125,11.777777777777779,3.5,117.89485144615173,190,686.389872585452,108.0104173268337,1.611605576234872
64,1756106394.8594608,109.0963397026062,290,439,0.26851851851851855,0.6097222222222223,1065.2095357217556,-25,15,516.3562174285524,saccade,False,0,0,0,12.194444444444445,3.2222222222222223,117.89485144615173,190,686.389872585452,108.0104173268337,1.611605576234872
65,1756106394.8900092,109.1268880367279,269,430,0.2490740740740741,0.5972222222222222,747.9072091646094,-21,-9,-317.3023265571462,saccade,True,0.13356494903564453,239.375,416.125,11.944444444444445,2.988888888888889,117.89485144615173,190,686.389872585452,108.0104173268337,1.611605576234872
66,1756106394.9232717,109.1601505279541,252,411,0.23333333333333334,0.5708333333333333,766.4819028312871,-17,-19,18.574693666677717,saccade,True,0.13356494903564453,239.375,416.125,11.416666666666666,2.8,117.89485144615173,190,686.389872585452,108.0104173268337,1.611605576234872
67,1756106394.9580712,109.19495010375977,239,400,0.2212962962962963,0.5555555555555556,489.3561479319716,-13,-11,-277.12575489931555,saccade,True,0.13356494903564453,239.375,416.125,11.11111111111111,2.6555555555555554,117.89485144615173,190,686.389872585452,108.0104173268337,1.611605576234872
68,1756106394.9920993,109.22897815704346,229,422,0.21203703703703702,0.5861111111111111,710.1814419331242,-10,22,220.82529400115266,saccade,True,0.13356494903564453,239.375,416.125,11.722222222222221,2.5444444444444443,117.89485144615173,190,686.389872585452,108.0104173268337,1.611605576234872
69,1756106395.023574,109.26045298576355,221,440,0.20462962962962963,0.6111111111111112,625.8243937962293,-8,18,-84.35704813689495,saccade,False,0.13356494903564453,239.375,416.125,12.222222222222221,2.4555555555555557,117.89485144615173,190,686.389872585452,108.0104173268337,1.611605576234872
70,1756106395.0541568,109.29103565216064,215,455,0.19907407407407407,0.6319444444444444,528.2565689870077,-6,15,-97.56782480922163,saccade,False,0,0,0,12.63888888888889,2.388888888888889,117.89485144615173,190,686.389872585452,108.0104173268337,1.611605576234872
71,1756106395.0864906,109.32336950302124,211,477,0.19537037037037036,0.6625,691.5563466722174,-4,22,163.29977768520973,saccade,True,0,0,0,13.25,2.3444444444444446,117.89485144615173,190,686.389872585452,108.0104173268337,1.611605576234872
72,1756106395.1163423,109.35322117805481,208,486,0.1925925925925926,0.675,317.7990169676186,-3,9,-373.75732970459876,saccade,True,0.23605895042419434,206.265625,513.765625,13.5,2.311111111111111,117.89485144615173,190,686.389872585452,108.0104173268337,1.611605576234872
73,1756106395.1492577,109.38613653182983,217,493,0.20092592592592592,0.6847222222222222,346.3962237478009,9,7,28.597206780182262,saccade,True,0.23605895042419434,206.265625,513.765625,13.694444444444445,2.411111111111111,117.89485144615173,190,686.389872585452,108.0104173268337,1.611605576234872
74,1756106395.200278,109.43715691566467,213,509,0.19722222222222222,0.7069444444444445,323.2516351868157,-4,16,-23.1445885609852,saccade,True,0.23605895042419434,206.265625,513.765625,14.13888888888889,2.3666666666666667,117.89485144615173,190,686.389872585452,108.0104173268337,1.611605576234872
75,1756106395.234127,109.47100591659546,209,522,0.1935185185185185,0.725,401.827827549401,-4,13,78.57619236258529,saccade,True,0.23605895042419434,206.265625,513.765625,14.5,2.3222222222222224,117.89485144615173,190,686.389872585452,108.0104173268337,1.611605576234872
76,1756106395.2724276,109.50930643081665,206,537,0.19074074074074074,0.7458333333333333,399.3956439445035,-3,15,-2.4321836048974887,saccade,True,0.23605895042419434,206.265625,513.765625,14.916666666666666,2.2888888888888888,117.89485144615173,190,686.389872585452,108.0104173268337,1.611605576234872
77,1756106395.3032396,109.54011845588684,204,504,0.18888888888888888,0.7,1072.9755812647973,-2,-33,673.5799373202938,saccade,True,0.23605895042419434,206.265625,513.765625,14.0,2.2666666666666666,117.89485144615173,190,686.389872585452,108.0104173268337,1.611605576234872
78,1756106395.3225496,109.55942845344543,202,478,0.18703703703703703,0.6638888888888889,1350.4304980714685,-2,-26,277.45491680667124,saccade,True,0.16469693183898926,215.5625,481.625,13.277777777777779,2.2444444444444445,117.89485144615173,190,686.389872585452,108.0104173268337,1.611605576234872
79,1756106395.3582165,109.59509539604187,201,488,0.18611111111111112,0.6777777777777778,281.7700338050631,-1,10,-1068.6604642664054,smooth_pursuit,True,0.16469693183898926,215.5625,481.625,13.555555555555555,2.2333333333333334,117.89485144615173,190,686.389872585452,108.0104173268337,1.611605576234872
80,1756106395.3880558,109.62493467330933,217,478,0.20092592592592592,0.6638888888888889,632.3196803660986,16,-10,350.5496465610355,saccade,True,0.16469693183898926,215.5625,481.625,13.277777777777779,2.411111111111111,117.89485144615173,190,686.389872585452,108.0104173268337,1.611605576234872
81,1756106395.4223382,109.65921711921692,223,500,0.2064814814814815,0.6944444444444444,665.1657400247602,6,22,32.8460596586616,saccade,True,0.16469693183898926,215.5625,481.625,13.88888888888889,2.477777777777778,117.89485144615173,190,686.389872585452,108.0104173268337,1.611605576234872
82,1756106395.4545548,109.6914336681366,215,473,0.19907407407407407,0.6569444444444444,874.0928691917488,-8,-27,208.9271291669886,saccade,True,0.16469693183898926,215.5625,481.625,13.13888888888889,2.388888888888889,117.89485144615173,190,686.389872585452,108.0104173268337,1.611605576234872
83,1756106395.4872465,109.72412538528442,210,451,0.19444444444444445,0.6263888888888889,690.1145095358343,-5,-22,-183.97835965591457,saccade,False,0,0,0,12.527777777777779,2.3333333333333335,117.89485144615173,190,686.389872585452,108.0104173268337,1.611605576234872
84,1756106395.5203385,109.75721740722656,206,475,0.19074074074074074,0.6597222222222222,735.2542604902071,-4,24,45.13975095437286,saccade,False,0,0,0,13.194444444444445,2.2888888888888888,117.89485144615173,190,686.389872585452,108.0104173268337,1.611605576234872
85,1756106395.5614722,109.79835104942322,215,493,0.19907407407407407,0.6847222222222222,489.24944942353085,9,18,-246.00481106667627,saccade,True,0,0,0,13.694444444444445,2.388888888888889,117.89485144615173,190,686.389872585452,108.0104173268337,1.611605576234872
86,1756106395.5996265,109.83650541305542,222,507,0.20555555555555555,0.7041666666666667,410.2407785747446,7,14,-79.00867084878627,saccade,True,0.1639852523803711,236.8125,523.375,14.083333333333334,2.466666666666667,117.89485144615173,190,686.389872585452,108.0104173268337,1.611605576234872
87,1756106395.6320975,109.868976354599,226,519,0.20925925925925926,0.7208333333333333,389.5517049820439,4,12,-20.68907359270071,saccade,True,0.1639852523803711,236.8125,523.375,14.416666666666666,2.511111111111111,117.89485144615173,190,686.389872585452,108.0104173268337,1.611605576234872
88,1756106395.661276,109.89815497398376,241,522,0.22314814814814815,0.725,524.2557346207087,15,3,134.70402963866485,saccade,True,0.1639852523803711,236.8125,523.375,14.5,2.6777777777777776,117.89485144615173,190,686.389872585452,108.0104173268337,1.611605576234872
89,1756106395.6931067,109.92998552322388,242,531,0.22407407407407406,0.7375,284.48724116660793,1,9,-239.7684934541008,smooth_pursuit,True,0.1639852523803711,236.8125,523.375,14.75,2.688888888888889,117.89485144615173,190,686.389872585452,108.0104173268337,1.611605576234872
90,1756106395.7254574,109.96233630180359,265,534,0.24537037037037038,0.7416666666666667,716.9789423254417,23,3,432.4917011588338,saccade,True,0.1639852523803711,236.8125,523.375,14.833333333333334,2.9444444444444446,117.89485144615173,190,686.389872585452,108.0104173268337,1.611605576234872
91,1756106395.7568812,109.99376010894775,279,538,0.25833333333333336,0.7472222222222222,463.3499598493006,14,4,-253.62898247614112,saccade,True,0,0,0,14.944444444444445,3.1,117.89485144615173,190,686.389872585452,108.0104173268337,1.611605576234872
92,1756106395.7881496,110.02502846717834,286,541,0.26481481481481484,0.7513888888888889,243.56165583433665,7,3,-219.78830401496396,smooth_pursuit,True,0,0,0,15.027777777777779,3.1777777777777776,117.89485144615173,190,686.389872585452,108.0104173268337,1.611605576234872
93,1756106395.823413,110.06029176712036,302,544,0.2796296296296296,0.7555555555555555,461.6363364423338,16,3,218.07468060799715,saccade,True,0,0,0,15.11111111111111,3.3555555555555556,117.89485144615173,190,686.389872585452,108.0104173268337,1.611605576234872
94,1756106395.853274,110.0901529788971,305,547,0.2824074074074074,0.7597222222222222,142.07865102195794,3,3,-319.55768542037583,smooth_pursuit,True,0,0,0,15.194444444444445,3.388888888888889,117.89485144615173,190,686.389872585452,108.0104173268337,1.611605576234872
95,1756106395.901245,110.13812398910522,318,542,0.29444444444444445,0.7527777777777778,290.35011388656574,13,-5,148.2714628646078,smooth_pursuit,True,0,0,0,15.055555555555555,3.533333333333333,117.89485144615173,190,686.389872585452,108.0104173268337,1.611605576234872
96,1756106395.9335885,110.17046737670898,333,546,0.30833333333333335,0.7583333333333333,479.97986130727423,15,4,189.6297474207085,saccade,True,0,0,0,15.166666666666666,3.7,117.89485144615173,190,686.389872585452,108.0104173268337,1.611605576234872
97,1756106395.965407,110.20228576660156,334,540,0.30925925925925923,0.75,191.1712865055145,1,-6,-288.80857480175973,smooth_pursuit,True,0,0,0,15.0,3.7111111111111112,117.89485144615173,190,686.389872585452,108.0104173268337,1.611605576234872
98,1756106395.99936,110.23623895645142,344,528,0.31851851851851853,0.7333333333333333,460.05984771650844,10,-12,268.88856121099394,saccade,True,0,0,0,14.666666666666666,3.8222222222222224,117.89485144615173,190,686.389872585452,108.0104173268337,1.611605576234872
99,1756106396.0315475,110.26842641830444,342,517,0.31666666666666665,0.7180555555555556,347.35077709917033,-2,-11,-112.70907061733811,saccade,True,0,0,0,14.36111111111111,3.8,117.89485144615173,190,686.389872585452,108.0104173268337,1.611605576234872
100,1756106396.0651412,110.30202007293701,362,516,0.3351851851851852,0.7166666666666667,596.0942509388954,20,-1,248.74347383972503,saccade,True,0.46613144874572754,389.42529296875,513.754150390625,14.333333333333334,4.022222222222222,117.89485144615173,190,686.389872585452,108.0104173268337,1.611605576234872
101,1756106396.0999954,110.33687424659729,379,515,0.3509259259259259,0.7152777777777778,488.5895884926402,17,-1,-107.50466244625517,saccade,True,0.46613144874572754,389.42529296875,513.754150390625,14.305555555555555,4.211111111111111,117.89485144615173,190,686.389872585452,108.0104173268337,1.611605576234872
102,1756106396.132724,110.36960291862488,391,515,0.36203703703703705,0.7152777777777778,366.6509899908213,12,0,-121.93859850181889,saccade,True,0.46613144874572754,389.42529296875,513.754150390625,14.305555555555555,4.344444444444444,117.89485144615173,190,686.389872585452,108.0104173268337,1.611605576234872
103,1756106396.163422,110.40030097961426,401,511,0.3712962962962963,0.7097222222222223,350.8472283638711,10,-4,-15.803761626950177,saccade,True,0.46613144874572754,389.42529296875,513.754150390625,14.194444444444445,4.455555555555556,117.89485144615173,190,686.389872585452,108.0104173268337,1.611605576234872
104,1756106396.1915889,110.42846775054932,434,507,0.40185185185185185,0.7041666666666667,1180.1686588012212,33,-4,829.32143043735,saccade,False,0,0,0,14.083333333333334,4.822222222222222,117.89485144615173,190,686.389872585452,108.0104173268337,1.611605576234872
105,1756106396.2241774,110.46105623245239,459,521,0.425,0.7236111111111111,879.2400225640492,25,14,-300.928636237172,saccade,False,0,0,0,14.472222222222221,5.1,117.89485144615173,190,686.389872585452,108.0104173268337,1.611605576234872
106,1756106396.271061,110.50793981552124,505,528,0.4675925925925926,0.7333333333333333,992.44890110467,46,7,113.20887854062073,saccade,False,0,0,0,14.666666666666666,5.611111111111111,117.89485144615173,190,686.389872585452,108.0104173268337,1.611605576234872
107,1756106396.303239,110.54011797904968,565,544,0.5231481481481481,0.7555555555555555,1929.7775875292766,60,16,937.3286864246066,saccade,False,0,0,0,15.11111111111111,6.277777777777778,117.89485144615173,190,686.389872585452,108.0104173268337,1.611605576234872
108,1756106396.3344615,110.5713403224945,612,547,0.5666666666666667,0.7597222222222222,1508.3956603223385,47,3,-421.38192720693814,saccade,False,0,0,0,15.194444444444445,6.8,117.89485144615173,190,686.389872585452,108.0104173268337,1.611605576234872
109,1756106396.368218,110.6050968170166,647,560,0.5990740740740741,0.7777777777777778,1106.0481822468594,35,13,-402.3474780754791,saccade,False,0,0,0,15.555555555555555,7.188888888888889,117.89485144615173,190,686.389872585452,108.0104173268337,1.611605576234872
110,1756106396.3997579,110.63663673400879,674,561,0.6240740740740741,0.7791666666666667,856.6449993798376,27,1,-249.40318286702177,saccade,False,0,0,0,15.583333333333334,7.488888888888889,117.89485144615173,190,686.389872585452,108.0104173268337,1.611605576234872
111,1756106396.4322927,110.66917157173157,693,574,0.6416666666666667,0.7972222222222223,707.6023880188184,19,13,-149.04261136101923,saccade,False,0,0,0,15.944444444444445,7.7,117.89485144615173,190,686.389872585452,108.0104173268337,1.611605576234872
112,1756106396.4654222,110.70230102539062,707,582,0.6546296296296297,0.8083333333333333,486.71238779057387,14,8,-220.8900002282445,saccade,False,0,0,0,16.166666666666668,7.855555555555555,117.89485144615173,190,686.389872585452,108.0104173268337,1.611605576234872
113,1756106396.4979815,110.73486042022705,748,601,0.6925925925925925,0.8347222222222223,1387.878808491411,41,19,901.1664207008372,saccade,False,0,0,0,16.694444444444443,8.311111111111112,117.89485144615173,190,686.389872585452,108.0104173268337,1.611605576234872
114,1756106396.5255704,110.76244926452637,780,617,0.7222222222222222,0.8569444444444444,1296.795445718729,32,16,-91.083362772682,saccade,False,0,0,0,17.13888888888889,8.666666666666666,117.89485144615173,190,686.389872585452,108.0104173268337,1.611605576234872
115,1756106396.5583508,110.79522967338562,804,615,0.7444444444444445,0.8541666666666666,734.682390966781,24,-2,-562.1130547519481,saccade,False,0,0,0,17.083333333333332,8.933333333333334,117.89485144615173,190,686.389872585452,108.0104173268337,1.611605576234872
116,1756106396.5874107,110.824289560318,822,629,0.7611111111111111,0.8736111111111111,784.70740629687,18,14,50.02501533008899,saccade,False,0,0,0,17.47222222222222,9.133333333333333,117.89485144615173,190,686.389872585452,108.0104173268337,1.611605576234872
117,1756106396.6365738,110.87345266342163,836,585,0.774074074074074,0.8125,939.1918452569014,14,-44,154.4844389600314,saccade,False,0,0,0,16.25,9.28888888888889,117.89485144615173,190,686.389872585452,108.0104173268337,1.611605576234872
118,1756106396.669055,110.90593385696411,846,548,0.7833333333333333,0.7611111111111111,1179.991607862162,10,-37,240.79976260526064,saccade,False,0,0,0,15.222222222222221,9.4,117.89485144615173,190,686.389872585452,108.0104173268337,1.611605576234872
119,1756106396.703021,110.93989992141724,854,505,0.7907407407407407,0.7013888888888888,1287.6927651603169,8,-43,107.70115729815484,saccade,False,0,0,0,14.027777777777779,9.488888888888889,117.89485144615173,190,686.389872585452,108.0104173268337,1.611605576234872
120,1756106396.7790134,111.01589226722717,859,470,0.7953703703703704,0.6527777777777778,465.2486863315703,5,-35,-822.4440788287466,saccade,False,0,0,0,13.055555555555555,9.544444444444444,117.89485144615173,190,686.389872585452,108.0104173268337,1.611605576234872
121,1756106396.8107846,111.04766345024109,864,440,0.8,0.6111111111111112,957.2766817706984,5,-30,492.02799543912806,saccade,False,0,0,0,12.222222222222221,9.6,117.89485144615173,190,686.389872585452,108.0104173268337,1.611605576234872
122,1756106396.8371308,111.07400965690613,868,415,0.8037037037037037,0.5763888888888888,960.9724133812714,4,-25,3.6957316105730342,saccade,False,0,0,0,11.527777777777779,9.644444444444444,117.89485144615173,190,686.389872585452,108.0104173268337,1.611605576234872
123,1756106396.858359,111.09523797035217,870,376,0.8055555555555556,0.5222222222222223,1839.5831811504067,2,-39,878.6107677691354,saccade,False,0,0,0,10.444444444444445,9.666666666666666,117.89485144615173,190,686.389872585452,108.0104173268337,1.611605576234872
124,1756106396.882212,111.11909079551697,873,360,0.8083333333333333,0.5,682.4692875427642,3,-16,-1157.1138936076427,saccade,False,0,0,0,10.0,9.7,117.89485144615173,190,686.389872585452,108.0104173268337,1.611605576234872
125,1756106396.9090245,111.14590334892273,875,328,0.8101851851851852,0.45555555555555555,1195.799542048574,2,-32,513.3302545058099,saccade,True,0.36133384704589844,856.76171875,315.69140625,9.11111111111111,9.722222222222221,117.89485144615173,190,686.389872585452,108.0104173268337,1.611605576234872
126,1756106396.937206,111.17408490180969,876,303,0.8111111111111111,0.42083333333333334,887.8145255781183,1,-25,-307.9850164704558,saccade,True,0.36133384704589844,856.76171875,315.69140625,8.416666666666666,9.733333333333333,117.89485144615173,190,686.389872585452,108.0104173268337,1.611605576234872
127,1756106396.9723516,111.20923042297363,878,295,0.812962962962963,0.4097222222222222,234.63050135947327,2,-8,-653.1840242186449,smooth_pursuit,True,0.36133384704589844,856.76171875,315.69140625,8.194444444444445,9.755555555555556,117.89485144615173,190,686.389872585452,108.0104173268337,1.611605576234872
128,1756106397.0062342,111.24311304092407,862,299,0.7981481481481482,0.4152777777777778,486.75171814038464,-16,4,252.12121678091137,saccade,True,0.36133384704589844,856.76171875,315.69140625,8.305555555555555,9.577777777777778,117.89485144615173,190,686.389872585452,108.0104173268337,1.611605576234872
129,1756106397.0383077,111.27518653869629,867,306,0.8027777777777778,0.425,268.2066461268302,5,7,-218.54507201355443,smooth_pursuit,True,0.36133384704589844,856.76171875,315.69140625,8.5,9.633333333333333,117.89485144615173,190,686.389872585452,108.0104173268337,1.611605576234872
130,1756106397.070384,111.30726289749146,854,309,0.7907407407407407,0.42916666666666664,415.9344939780682,-13,3,147.72784785123798,saccade,True,0.36133384704589844,856.76171875,315.69140625,8.583333333333334,9.488888888888889,117.89485144615173,190,686.389872585452,108.0104173268337,1.611605576234872
131,1756106397.100446,111.33732485771179,861,313,0.7972222222222223,0.43472222222222223,268.18802530529706,7,4,-147.74646867277113,smooth_pursuit,True,0.36133384704589844,856.76171875,315.69140625,8.694444444444445,9.566666666666666,117.89485144615173,190,686.389872585452,108.0104173268337,1.611605576234872
132,1756106397.1340752,111.37095403671265,850,315,0.7870370370370371,0.4375,332.4594955831323,-11,2,64.27147027783525,saccade,True,0.36133384704589844,856.76171875,315.69140625,8.75,9.444444444444445,117.89485144615173,190,686.389872585452,108.0104173268337,1.611605576234872
133,1756106397.1682851,111.40516400337219,858,319,0.7944444444444444,0.44305555555555554,261.4522252831066,8,4,-71.00727030002571,smooth_pursuit,True,0.36133384704589844,856.76171875,315.69140625,8.86111111111111,9.533333333333333,117.89485144615173,190,686.389872585452,108.0104173268337,1.611605576234872
134,1756106397.2703583,111.50723719596863,848,369,0.7851851851851852,0.5125,499.5454128443559,-10,50,238.0931875612493,saccade,True,0.5050525665283203,827.375,372.0,10.25,9.422222222222222,117.89485144615173,190,686.389872585452,108.0104173268337,1.611605576234872
135,1756106397.6672363,111.90411520004272,857,367,0.7935185185185185,0.5097222222222222,23.230172402226675,9,-2,-476.3152404421292,fixation,True,0.5050525665283203,827.375,372.0,10.194444444444445,9.522222222222222,117.89485144615173,190,686.389872585452,108.0104173268337,1.611605576234872
136,1756106397.7029898,111.93986868858337,831,378,0.7694444444444445,0.525,789.606541327825,-26,11,766.3763689255983,saccade,True,0.5050525665283203,827.375,372.0,10.5,9.233333333333333,117.89485144615173,190,686.389872585452,108.0104173268337,1.611605576234872
137,1756106397.7403808,111.9772596359253,813,371,0.7527777777777778,0.5152777777777777,516.5209573113958,-18,-7,-273.08558401642915,saccade,True,0.5050525665283203,827.375,372.0,10.305555555555555,9.033333333333333,117.89485144615173,190,686.389872585452,108.0104173268337,1.611605576234872
138,1756106397.775411,112.01228976249695,799,425,0.7398148148148148,0.5902777777777778,1592.4950373734662,-14,54,1075.9740800620702,saccade,False,0,0,0,11.805555555555555,8.877777777777778,117.89485144615173,190,686.389872585452,108.0104173268337,1.611605576234872
139,1756106397.808934,112.0458128452301,788,457,0.7296296296296296,0.6347222222222222,1009.3895272319828,-11,32,-583.1055101414834,saccade,False,0,0,0,12.694444444444445,8.755555555555556,117.89485144615173,190,686.389872585452,108.0104173268337,1.611605576234872
140,1756106397.844383,112.08126187324524,780,495,0.7222222222222222,0.6875,1095.4595330882848,-8,38,86.07000585630203,saccade,False,0,0,0,13.75,8.666666666666666,117.89485144615173,190,686.389872585452,108.0104173268337,1.611605576234872
141,1756106397.8755155,112.11239433288574,774,528,0.7166666666666667,0.7333333333333333,1077.3649126926164,-6,33,-18.09462039566847,saccade,True,0.17107510566711426,760.125,518.5625,14.666666666666666,8.6,117.89485144615173,190,686.389872585452,108.0104173268337,1.611605576234872
142,1756106397.9165678,112.15344667434692,770,499,0.7129629629629629,0.6930555555555555,713.1033528085212,-4,-29,-364.26155988409516,saccade,True,0.17107510566711426,760.125,518.5625,13.86111111111111,8.555555555555555,117.89485144615173,190,686.389872585452,108.0104173268337,1.611605576234872
143,1756106397.9380152,112.17489409446716,767,513,0.7101851851851851,0.7125,667.5777777936598,-3,14,-45.525575014861374,saccade,True,0.17107510566711426,760.125,518.5625,14.25,8.522222222222222,117.89485144615173,190,686.389872585452,108.0104173268337,1.611605576234872
144,1756106397.9687722,112.20565104484558,765,519,0.7083333333333334,0.7208333333333333,205.63011750263362,-2,6,-461.9476602910262,smooth_pursuit,True,0.17107510566711426,760.125,518.5625,14.416666666666666,8.5,117.89485144615173,190,686.389872585452,108.0104173268337,1.611605576234872
145,1756106398.0057943,112.24267315864563,753,521,0.6972222222222222,0.7236111111111111,328.6015792156199,-12,2,122.97146171298627,saccade,True,0.17107510566711426,760.125,518.5625,14.472222222222221,8.366666666666667,117.89485144615173,190,686.389872585452,108.0104173268337,1.611605576234872
146,1756106398.0465906,112.28346943855286,785,494,0.7268518518518519,0.6861111111111111,1026.2907041065794,32,-27,697.6891248909594,saccade,False,0.17107510566711426,760.125,518.5625,13.722222222222221,8.722222222222221,117.89485144615173,190,686.389872585452,108.0104173268337,1.611605576234872
147,1756106398.0766141,112.31349301338196,811,493,0.7509259259259259,0.6847222222222222,866.626436412735,26,-1,-159.6642676938444,saccade,False,0,0,0,13.694444444444445,9.011111111111111,117.89485144615173,190,686.389872585452,108.0104173268337,1.611605576234872
148,1756106398.1125486,112.34942746162415,831,471,0.7694444444444445,0.6541666666666667,827.3993048189092,20,-22,-39.22713159382579,saccade,False,0,0,0,13.083333333333334,9.233333333333333,117.89485144615173,190,686.389872585452,108.0104173268337,1.611605576234872
149,1756106398.1409438,112.37782263755798,845,451,0.7824074074074074,0.6263888888888889,859.7626332145684,14,-20,32.36332839565921,saccade,False,0,0,0,12.527777777777779,9.38888888888889,117.89485144615173,190,686.389872585452,108.0104173268337,1.611605576234872
150,1756106398.175431,112.41230988502502,856,436,0.7925925925925926,0.6055555555555555,539.3609697472976,11,-15,-320.40166346727074,saccade,False,0,0,0,12.11111111111111,9.511111111111111,117.89485144615173,190,686.389872585452,108.0104173268337,1.611605576234872
151,1756106398.2050827,112.44196152687073,864,411,0.8,0.5708333333333333,885.2396650884659,8,-25,345.8786953411683,saccade,False,0,0,0,11.416666666666666,9.6,117.89485144615173,190,686.389872585452,108.0104173268337,1.611605576234872
152,1756106398.2380888,112.47496771812439,870,390,0.8055555555555556,0.5416666666666666,661.7040269806448,6,-21,-223.53563810782111,saccade,True,0.1001579761505127,873.75,368.25,10.833333333333334,9.666666666666666,117.89485144615173,190,686.389872585452,108.0104173268337,1.611605576234872
153,1756106398.270862,112.50774097442627,873,371,0.8083333333333333,0.5152777777777777,586.9231877507392,3,-19,-74.78083922990561,saccade,True,0.1001579761505127,873.75,368.25,10.305555555555555,9.7,117.89485144615173,190,686.389872585452,108.0104173268337,1.611605576234872
154,1756106398.3061645,112.54304337501526,876,356,0.8111111111111111,0.49444444444444446,433.31496684532766,3,-15,-153.60822090541154,saccade,True,0.1001579761505127,873.75,368.25,9.88888888888889,9.733333333333333,117.89485144615173,190,686.389872585452,108.0104173268337,1.611605576234872
155,1756106398.3382468,112.5751256942749,878,325,0.812962962962963,0.4513888888888889,968.2731750972317,2,-31,534.9582082519041,saccade,False,0,0,0,9.027777777777779,9.755555555555556,117.89485144615173,190,686.389872585452,108.0104173268337,1.611605576234872
156,1756106398.3683794,112.60525822639465,879,300,0.8138888888888889,0.4166666666666667,830.3315468796513,1,-25,-137.9416282175804,saccade,False,0,0,0,8.333333333333334,9.766666666666667,117.89485144615173,190,686.389872585452,108.0104173268337,1.611605576234872
157,1756106398.4188836,112.65576243400574,880,276,0.8148148148148148,0.38333333333333336,475.62025888822893,1,-24,-354.7112879914224,saccade,False,0,0,0,7.666666666666667,9.777777777777779,117.89485144615173,190,686.389872585452,108.0104173268337,1.611605576234872
158,1756106398.4505708,112.68744969367981,881,322,0.8157407407407408,0.44722222222222224,1452.030524398966,1,46,976.4102655107371,saccade,False,0,0,0,8.944444444444445,9.78888888888889,117.89485144615173,190,686.389872585452,108.0104173268337,1.611605576234872
159,1756106398.4832191,112.72009801864624,881,359,0.8157407407407408,0.4986111111111111,1133.2893812483112,0,37,-318.7411431506548,saccade,False,0,0,0,9.972222222222221,9.78888888888889,117.89485144615173,190,686.389872585452,108.0104173268337,1.611605576234872
160,1756106398.516498,112.7533769607544,882,390,0.8166666666666667,0.5416666666666666,932.0045312059906,1,31,-201.2848500423206,saccade,True,0.12692570686340332,882.75,397.25,10.833333333333334,9.8,117.89485144615173,190,686.389872585452,108.0104173268337,1.611605576234872
161,1756106398.5419738,112.77885270118713,882,416,0.8166666666666667,0.5777777777777777,1020.5787764498891,0,26,88.57424524389853,saccade,True,0.12692570686340332,882.75,397.25,11.555555555555555,9.8,117.89485144615173,190,686.389872585452,108.0104173268337,1.611605576234872
162,1756106398.5805535,112.81743240356445,883,402,0.8175925925925925,0.5583333333333333,363.809671478172,1,-14,-656.7691049717171,saccade,True,0.12692570686340332,882.75,397.25,11.166666666666666,9.811111111111112,117.89485144615173,190,686.389872585452,108.0104173268337,1.611605576234872
163,1756106398.6088827,112.84576153755188,883,392,0.8175925925925925,0.5444444444444444,352.99349441597025,0,-10,-10.816177062201746,saccade,True,0.12692570686340332,882.75,397.25,10.88888888888889,9.811111111111112,117.89485144615173,190,686.389872585452,108.0104173268337,1.611605576234872
164,1756106398.6434238,112.8803026676178,884,356,0.8185185185185185,0.49444444444444446,1042.6377522104706,1,-36,689.6442577945004,saccade,False,0,0,0,9.88888888888889,9.822222222222223,117.89485144615173,190,686.389872585452,108.0104173268337,1.611605576234872
165,1756106398.6764417,112.91332054138184,884,343,0.8185185185185185,0.47638888888888886,393.72614035974493,0,-13,-648.9116118507256,saccade,False,0,0,0,9.527777777777779,9.822222222222223,117.89485144615173,190,686.389872585452,108.0104173268337,1.611605576234872
166,1756106398.706127,112.94300580024719,884,316,0.8185185185185185,0.4388888888888889,909.5423463364094,0,-27,515.8162059766645,saccade,False,0,0,0,8.777777777777779,9.822222222222223,117.89485144615173,190,686.389872585452,108.0104173268337,1.611605576234872
167,1756106398.7342482,112.97112703323364,885,294,0.8194444444444444,0.4083333333333333,783.1347777729576,1,-22,-126.40756856345183,saccade,False,0,0,0,8.166666666666666,9.833333333333334,117.89485144615173,190,686.389872585452,108.0104173268337,1.611605576234872
168,1756106398.78445,113.02132892608643,885,275,0.8194444444444444,0.3819444444444444,378.471785032437,0,-19,-404.66299274052056,saccade,True,0,0,0,7.638888888888889,9.833333333333334,117.89485144615173,190,686.389872585452,108.0104173268337,1.611605576234872
169,1756106398.8216982,113.05857706069946,885,260,0.8194444444444444,0.3611111111111111,402.7047302054663,0,-15,24.232945173029293,saccade,True,0,0,0,7.222222222222222,9.833333333333334,117.89485144615173,190,686.389872585452,108.0104173268337,1.611605576234872
170,1756106398.853145,113.09002375602722,886,263,0.8203703703703704,0.36527777777777776,100.5599357010006,1,3,-302.1447945044657,smooth_pursuit,True,0,0,0,7.305555555555555,9.844444444444445,117.89485144615173,190,686.389872585452,108.0104173268337,1.611605576234872
171,1756106398.8803842,113.11726307868958,868,264,0.8037037037037037,0.36666666666666664,661.8283648526789,-18,1,561.2684291516782,saccade,True,0,0,0,7.333333333333333,9.644444444444444,117.89485144615173,190,686.389872585452,108.0104173268337,1.611605576234872
172,1756106398.9168355,113.15371441841125,872,265,0.8074074074074075,0.3680555555555556,113.11259495807818,4,1,-548.7157698946007,smooth_pursuit,True,0,0,0,7.361111111111111,9.688888888888888,117.89485144615173,190,686.389872585452,108.0104173268337,1.611605576234872
173,1756106398.940222,113.17710089683533,858,250,0.7944444444444444,0.3472222222222222,877.3567424996843,-14,-15,764.2441475416061,saccade,True,0,0,0,6.944444444444445,9.533333333333333,117.89485144615173,190,686.389872585452,108.0104173268337,1.611605576234872
174,1756106398.9755561,113.21243500709534,865,237,0.8009259259259259,0.32916666666666666,417.86316258099885,7,-13,-459.49357991868544,saccade,True,0,0,0,6.583333333333333,9.61111111111111,117.89485144615173,190,686.389872585452,108.0104173268337,1.611605576234872
175,1756106399.020781,113.25765991210938,870,223,0.8055555555555556,0.30972222222222223,328.71420609294785,5,-14,-89.148956488051,saccade,True,0,0,0,6.194444444444445,9.666666666666666,117.89485144615173,190,686.389872585452,108.0104173268337,1.611605576234872
176,1756106399.054308,113.2911868095398,874,213,0.8092592592592592,0.29583333333333334,321.24444669004106,4,-10,-7.469759402906789,saccade,True,0,0,0,5.916666666666667,9.71111111111111,117.89485144615173,190,686.389872585452,108.0104173268337,1.611605576234872
177,1756106399.087067,113.32394576072693,877,200,0.812037037037037,0.2777777777777778,407.26774150713123,3,-13,86.02329481709018,saccade,True,0,0,0,5.555555555555555,9.744444444444444,117.89485144615173,190,686.389872585452,108.0104173268337,1.611605576234872
178,1756106399.1224818,113.35936069488525,880,194,0.8148148148148148,0.26944444444444443,189.4173769322802,3,-6,-217.85036457485103,smooth_pursuit,True,0,0,0,5.388888888888889,9.777777777777779,117.89485144615173,190,686.389872585452,108.0104173268337,1.611605576234872
179,1756106399.1561306,113.3930094242096,864,178,0.8,0.24722222222222223,672.4597764112685,-16,-16,483.04239947898833,saccade,True,0,0,0,4.944444444444445,9.6,117.89485144615173,190,686.389872585452,108.0104173268337,1.611605576234872
180,1756106399.1864398,113.42331862449646,869,176,0.8046296296296296,0.24444444444444444,177.67426247363622,5,-2,-494.78551393763235,smooth_pursuit,True,0,0,0,4.888888888888889,9.655555555555555,117.89485144615173,190,686.389872585452,108.0104173268337,1.611605576234872
181,1756106399.223672,113.4605507850647,856,160,0.7925925925925926,0.2222222222222222,553.7021707430907,-13,-16,376.02790826945454,saccade,True,0,0,0,4.444444444444445,9.511111111111111,117.89485144615173,190,686.389872585452,108.0104173268337,1.611605576234872
182,1756106399.2504952,113.48737406730652,863,145,0.799074074074074,0.2013888888888889,617.1111054947058,7,-15,63.40893475161511,saccade,True,0,0,0,4.027777777777778,9.588888888888889,117.89485144615173,190,686.389872585452,108.0104173268337,1.611605576234872
183,1756106399.2765093,113.51338815689087,869,133,0.8046296296296296,0.18472222222222223,515.7362060085204,6,-12,-101.37489948618543,saccade,True,0.7355470657348633,866.0463743209839,104.33838510513306,3.6944444444444446,9.655555555555555,117.89485144615173,190,686.389872585452,108.0104173268337,1.611605576234872
184,1756106399.3092427,113.54612159729004,873,136,0.8083333333333333,0.18888888888888888,152.74899121593077,4,3,-362.9872147925896,smooth_pursuit,True,0,0,0,3.7777777777777777,9.7,117.89485144615173,190,686.389872585452,108.0104173268337,1.611605576234872
185,1756106399.3473723,113.58425116539001,860,126,0.7962962962962963,0.175,430.1443809657846,-13,-10,277.39538974985385,saccade,True,0.7355470657348633,866.0463743209839,104.33838510513306,3.5,9.555555555555555,117.89485144615173,190,686.389872585452,108.0104173268337,1.611605576234872
186,1756106399.377607,113.6144859790802,866,116,0.8018518518518518,0.16111111111111112,385.7111179579104,6,-10,-44.43326300787419,saccade,True,0.7355470657348633,866.0463743209839,104.33838510513306,3.2222222222222223,9.622222222222222,117.89485144615173,190,686.389872585452,108.0104173268337,1.611605576234872
187,1756106399.4081485,113.64502739906311,871,108,0.8064814814814815,0.15,308.8913723505819,5,-8,-76.81974560732851,saccade,True,0.7355470657348633,866.0463743209839,104.33838510513306,3.0,9.677777777777777,117.89485144615173,190,686.389872585452,108.0104173268337,1.611605576234872
188,1756106399.4380236,113.67490243911743,874,103,0.8092592592592592,0.14305555555555555,195.17804442246697,3,-5,-113.71332792811492,smooth_pursuit,True,0.7355470657348633,866.0463743209839,104.33838510513306,2.861111111111111,9.71111111111111,117.89485144615173,190,686.389872585452,108.0104173268337,1.611605576234872
189,1756106399.481723,113.71860194206238,861,99,0.7972222222222223,0.1375,311.25000496849844,-13,-4,116.07196054603148,saccade,True,0.7355470657348633,866.0463743209839,104.33838510513306,2.75,9.566666666666666,117.89485144615173,190,686.389872585452,108.0104173268337,1.611605576234872
190,1756106399.5199971,113.75687599182129,835,95,0.7731481481481481,0.13194444444444445,687.3036180292669,-26,-4,376.05361306076844,saccade,False,0,0,0,2.638888888888889,9.277777777777779,117.89485144615173,190,686.389872585452,108.0104173268337,1.611605576234872
191,1756106399.5552294,113.79210829734802,815,92,0.7546296296296297,0.12777777777777777,574.0114963754332,-20,-3,-113.29212165383365,saccade,False,0,0,0,2.5555555555555554,9.055555555555555,117.89485144615173,190,686.389872585452,108.0104173268337,1.611605576234872
192,1756106399.5843189,113.8211977481842,800,90,0.7407407407407407,0.125,520.2142190872628,-15,-2,-53.79727728817045,saccade,False,0,0,0,2.5,8.88888888888889,117.89485144615173,190,686.389872585452,108.0104173268337,1.611605576234872
193,1756106399.6192307,113.85610961914062,738,87,0.6833333333333333,0.12083333333333333,1777.9779917506187,-62,-3,1257.763772663356,saccade,False,0,0,0,2.4166666666666665,8.2,117.89485144615173,190,686.389872585452,108.0104173268337,1.611605576234872
194,1756106399.6491718,113.88605070114136,663,86,0.6138888888888889,0.11944444444444445,2505.142144447615,-75,-1,727.1641526969963,saccade,False,0,0,0,2.388888888888889,7.366666666666666,117.89485144615173,190,686.389872585452,108.0104173268337,1.611605576234872
195,1756106399.6821318,113.91901063919067,578,85,0.5351851851851852,0.11805555555555555,2579.066805957685,-85,-1,73.92466151007011,saccade,False,0,0,0,2.361111111111111,6.4222222222222225,117.89485144615173,190,686.389872585452,108.0104173268337,1.611605576234872
196,1756106399.7091444,113.9460232257843,516,88,0.4777777777777778,0.12222222222222222,2297.9116789206864,-62,3,-281.1551270369987,saccade,False,0,0,0,2.4444444444444446,5.733333333333333,117.89485144615173,190,686.389872585452,108.0104173268337,1.611605576234872
197,1756106399.7421796,113.97905850410461,442,77,0.40925925925925927,0.10694444444444444,2264.6426566072487,-74,-11,-33.269022313437745,saccade,False,0,0,0,2.138888888888889,4.911111111111111,117.89485144615173,190,686.389872585452,108.0104173268337,1.611605576234872
198,1756106399.7730486,114.00992751121521,381,68,0.3527777777777778,0.09444444444444444,1997.4843964679133,-61,-9,-267.1582601393354,saccade,False,0,0,0,1.8888888888888888,4.233333333333333,117.89485144615173,190,686.389872585452,108.0104173268337,1.611605576234872
199,1756106399.8192585,114.05613732337952,335,61,0.3101851851851852,0.08472222222222223,1006.9194899793968,-46,-7,-990.5649064885165,saccade,False,0,0,0,1.6944444444444444,3.7222222222222223,117.89485144615173,190,686.389872585452,108.0104173268337,1.611605576234872
200,1756106399.854374,114.09125280380249,302,69,0.2796296296296296,0.09583333333333334,966.9767659076173,-33,8,-39.94272407177948,saccade,False,0,0,0,1.9166666666666667,3.3555555555555556,117.89485144615173,190,686.389872585452,108.0104173268337,1.611605576234872
201,1756106399.8863075,114.12318634986877,277,66,0.2564814814814815,0.09166666666666666,788.4923450644591,-25,-3,-178.4844208431582,saccade,False,0,0,0,1.8333333333333333,3.077777777777778,117.89485144615173,190,686.389872585452,108.0104173268337,1.611605576234872
202,1756106399.915523,114.1524019241333,260,112,0.24074074074074073,0.15555555555555556,1678.5841310845767,-17,46,890.0917860201176,saccade,False,0,0,0,3.111111111111111,2.888888888888889,117.89485144615173,190,686.389872585452,108.0104173268337,1.611605576234872
203,1756106399.9483018,114.1851806640625,249,149,0.23055555555555557,0.20694444444444443,1177.6083587902756,-11,37,-500.9757722943011,saccade,False,0,0,0,4.138888888888889,2.7666666666666666,117.89485144615173,190,686.389872585452,108.0104173268337,1.611605576234872
204,1756106399.981956,114.21883487701416,240,188,0.2222222222222222,0.2611111111111111,1189.301091363201,-9,39,11.692732572925479,saccade,False,0,0,0,5.222222222222222,2.6666666666666665,117.89485144615173,190,686.389872585452,108.0104173268337,1.611605576234872
205,1756106400.015564,114.25244283676147,234,220,0.21666666666666667,0.3055555555555556,968.7479227239027,-6,32,-220.5531686392984,saccade,True,0.10069155693054199,227.75,244.25,6.111111111111111,2.6,117.89485144615173,190,686.389872585452,108.0104173268337,1.611605576234872
206,1756106400.0482922,114.2851710319519,229,241,0.21203703703703702,0.3347222222222222,659.5851992240421,-5,21,-309.1627234998606,saccade,True,0.10069155693054199,227.75,244.25,6.694444444444445,2.5444444444444443,117.89485144615173,190,686.389872585452,108.0104173268337,1.611605576234872
207,1756106400.082438,114.31931686401367,224,258,0.2074074074074074,0.35833333333333334,518.9519211192437,-5,17,-140.63327810479836,saccade,True,0.10069155693054199,227.75,244.25,7.166666666666667,2.488888888888889,117.89485144615173,190,686.389872585452,108.0104173268337,1.611605576234872
208,1756106400.1162555,114.35313439369202,221,274,0.20462962962962963,0.38055555555555554,481.37225725638837,-3,16,-37.57966386285534,saccade,True,0.10069155693054199,227.75,244.25,7.611111111111111,2.4555555555555557,117.89485144615173,190,686.389872585452,108.0104173268337,1.611605576234872
209,1756106400.1467352,114.38361406326294,218,288,0.20185185185185187,0.4,469.74987802805254,-3,14,-11.62237922833583,saccade,True,0,0,0,8.0,2.422222222222222,117.89485144615173,190,686.389872585452,108.0104173268337,1.611605576234872
210,1756106400.188082,114.42496085166931,215,298,0.19907407407407407,0.41388888888888886,252.5058634856768,-3,10,-217.24401454237574,smooth_pursuit,True,0.34424591064453125,234.509765625,326.54296875,8.277777777777779,2.388888888888889,117.89485144615173,190,686.389872585452,108.0104173268337,1.611605576234872
211,1756106400.2232714,114.4601502418518,230,308,0.21296296296296297,0.42777777777777776,512.3065868384333,15,10,259.8007233527565,saccade,True,0.34424591064453125,234.509765625,326.54296875,8.555555555555555,2.5555555555555554,117.89485144615173,190,686.389872585452,108.0104173268337,1.611605576234872
212,1756106400.2561746,114.4930534362793,225,322,0.20833333333333334,0.44722222222222224,451.812324182666,-5,14,-60.49426265576733,saccade,True,0.34424591064453125,234.509765625,326.54296875,8.944444444444445,2.5,117.89485144615173,190,686.389872585452,108.0104173268337,1.611605576234872
213,1756106400.2893941,114.52627301216125,220,327,0.2037037037037037,0.45416666666666666,212.85846143827098,-5,5,-238.953862744395,smooth_pursuit,True,0.34424591064453125,234.509765625,326.54296875,9.083333333333334,2.4444444444444446,117.89485144615173,190,686.389872585452,108.0104173268337,1.611605576234872
214,1756106400.3242264,114.56110525131226,234,334,0.21666666666666667,0.4638888888888889,449.367488970307,14,7,236.50902753203604,saccade,True,0.34424591064453125,234.509765625,326.54296875,9.277777777777779,2.6,117.89485144615173,190,686.389872585452,108.0104173268337,1.611605576234872
215,1756106400.357913,114.59479188919067,226,334,0.20925925925925926,0.4638888888888889,237.48288650454379,-8,0,-211.88460246576324,smooth_pursuit,True,0.34424591064453125,234.509765625,326.54296875,9.277777777777779,2.511111111111111,117.89485144615173,190,686.389872585452,108.0104173268337,1.611605576234872
216,1756106400.4005563,114.6374351978302,237,314,0.21944444444444444,0.4361111111111111,535.263917112417,11,-20,297.78103060787316,saccade,True,0.34424591064453125,234.509765625,326.54296875,8.722222222222221,2.6333333333333333,117.89485144615173,190,686.389872585452,108.0104173268337,1.611605576234872
217,1756106400.4276574,114.66453623771667,237,331,0.21944444444444444,0.4597222222222222,627.2822028679511,0,17,92.01828575553418,saccade,True,0.34424591064453125,234.509765625,326.54296875,9.194444444444445,2.6333333333333333,117.89485144615173,190,686.389872585452,108.0104173268337,1.611605576234872
218,1756106400.4605014,114.69738030433655,256,352,0.23703703703703705,0.4888888888888889,862.2441564491644,19,21,234.96195358121327,saccade,False,0.34424591064453125,234.509765625,326.54296875,9.777777777777779,2.8444444444444446,117.89485144615173,190,686.389872585452,108.0104173268337,1.611605576234872
219,1756106400.487909,114.72478795051575,275,368,0.25462962962962965,0.5111111111111111,906.2976271052471,19,16,44.05347065608271,saccade,False,0,0,0,10.222222222222221,3.0555555555555554,117.89485144615173,190,686.389872585452,108.0104173268337,1.611605576234872
220,1756106400.5180206,114.75489950180054,288,382,0.26666666666666666,0.5305555555555556,634.4732290226812,13,14,-271.82439808256595,saccade,False,0,0,0,10.61111111111111,3.2,117.89485144615173,190,686.389872585452,108.0104173268337,1.611605576234872
221,1756106400.5581498,114.79502868652344,298,331,0.2759259259259259,0.4597222222222222,1295.095980633938,10,-51,660.622751611257,saccade,False,0,0,0,9.194444444444445,3.311111111111111,117.89485144615173,190,686.389872585452,108.0104173268337,1.611605576234872
222,1756106400.5891886,114.82606744766235,330,354,0.3055555555555556,0.49166666666666664,1269.6422004120084,32,23,-25.45378022192972,saccade,False,0,0,0,9.833333333333334,3.6666666666666665,117.89485144615173,190,686.389872585452,108.0104173268337,1.611605576234872
223,1756106400.6243052,114.86118412017822,355,379,0.3287037037037037,0.5263888888888889,1006.7963883352098,25,25,-262.84581207679855,saccade,False,0,0,0,10.527777777777779,3.9444444444444446,117.89485144615173,190,686.389872585452,108.0104173268337,1.611605576234872
224,1756106400.6555893,114.89246821403503,373,400,0.3453703703703704,0.5555555555555556,884.1116990146261,18,21,-122.68468932058374,saccade,False,0,0,0,11.11111111111111,4.144444444444445,117.89485144615173,190,686.389872585452,108.0104173268337,1.611605576234872
225,1756106400.6854413,114.92232012748718,413,418,0.3824074074074074,0.5805555555555556,1469.367264153239,40,18,585.2555651386128,saccade,False,0,0,0,11.61111111111111,4.588888888888889,117.89485144615173,190,686.389872585452,108.0104173268337,1.611605576234872
226,1756106400.7193615,114.95624041557312,444,452,0.4111111111111111,0.6277777777777778,1356.4409643202387,31,34,-112.92629983300026,saccade,False,0,0,0,12.555555555555555,4.933333333333334,117.89485144615173,190,686.389872585452,108.0104173268337,1.611605576234872
227,1756106400.748377,114.98525595664978,492,390,0.45555555555555555,0.5416666666666666,2702.316766331898,48,-62,1345.8758020116595,saccade,False,0,0,0,10.833333333333334,5.466666666666667,117.89485144615173,190,686.389872585452,108.0104173268337,1.611605576234872
228,1756106400.7831318,115.02001070976257,530,426,0.49074074074074076,0.5916666666666667,1506.1251951158815,38,36,-1196.1915712160167,saccade,False,0,0,0,11.833333333333334,5.888888888888889,117.89485144615173,190,686.389872585452,108.0104173268337,1.611605576234872
229,1756106400.816376,115.05325484275818,584,374,0.5407407407407407,0.5194444444444445,2255.034272239107,54,-52,748.9090771232254,saccade,False,0,0,0,10.38888888888889,6.488888888888889,117.89485144615173,190,686.389872585452,108.0104173268337,1.611605576234872
230,1756106400.8469396,115.08381843566895,626,329,0.5796296296296296,0.45694444444444443,2013.9927189111893,42,-45,-241.04155332791765,saccade,False,0,0,0,9.13888888888889,6.955555555555556,117.89485144615173,190,686.389872585452,108.0104173268337,1.611605576234872
231,1756106400.8980572,115.13493609428406,657,291,0.6083333333333333,0.4041666666666667,959.371001520375,31,-38,-1054.6217173908144,saccade,False,0,0,0,8.083333333333334,7.3,117.89485144615173,190,686.389872585452,108.0104173268337,1.611605576234872
232,1756106400.9355707,115.17244958877563,679,325,0.6287037037037037,0.4513888888888889,1079.5292203909687,22,34,120.15821887059371,saccade,False,0,0,0,9.027777777777779,7.544444444444444,117.89485144615173,190,686.389872585452,108.0104173268337,1.611605576234872
233,1756106400.966513,115.20339179039001,696,289,0.6444444444444445,0.4013888888888889,1286.658880028975,17,-36,207.1296596380064,saccade,False,0,0,0,8.027777777777779,7.733333333333333,117.89485144615173,190,686.389872585452,108.0104173268337,1.611605576234872
234,1756106400.9911962,115.22807502746582,708,272,0.6555555555555556,0.37777777777777777,843.0276783704884,12,-17,-443.6312016584867,saccade,False,0,0,0,7.555555555555555,7.866666666666666,117.89485144615173,190,686.389872585452,108.0104173268337,1.611605576234872
235,1756106401.0409648,115.27784371376038,748,257,0.6925925925925925,0.35694444444444445,858.3714360823086,40,-15,15.343757711820217,saccade,False,0,0,0,7.138888888888889,8.311111111111112,117.89485144615173,190,686.389872585452,108.0104173268337,1.611605576234872
236,1756106401.069392,115.30627083778381,780,228,0.7222222222222222,0.31666666666666665,1519.170413713776,32,-29,660.7989776314674,saccade,False,0,0,0,6.333333333333333,8.666666666666666,117.89485144615173,190,686.389872585452,108.0104173268337,1.611605576234872
237,1756106401.0918727,115.32875156402588,804,218,0.7444444444444445,0.30277777777777776,1156.5462663456747,24,-10,-362.6241473681014,saccade,False,0,0,0,6.055555555555555,8.933333333333334,117.89485144615173,190,686.389872585452,108.0104173268337,1.611605576234872
238,1756106401.1302702,115.36714911460876,822,197,0.7611111111111111,0.27361111111111114,720.3228578910044,18,-21,-436.2234084546702,saccade,False,0,0,0,5.472222222222222,9.133333333333333,117.89485144615173,190,686.389872585452,108.0104173268337,1.611605576234872
239,1756106401.1576095,115.39448833465576,836,176,0.774074074074074,0.24444444444444444,923.1740658607469,14,-21,202.8512079697424,saccade,False,0,0,0,4.888888888888889,9.28888888888889,117.89485144615173,190,686.389872585452,108.0104173268337,1.611605576234872
240,1756106401.186812,115.42369079589844,846,155,0.7833333333333333,0.2152777777777778,796.4878886727284,10,-21,-126.6861771880184,saccade,True,0,0,0,4.305555555555555,9.4,117.89485144615173,190,686.389872585452,108.0104173268337,1.611605576234872
241,1756106401.2208548,115.45773363113403,854,132,0.7907407407407407,0.18333333333333332,715.3220686598233,8,-23,-81.1658200129051,saccade,True,0,0,0,3.6666666666666665,9.488888888888889,117.89485144615173,190,686.389872585452,108.0104173268337,1.611605576234872
242,1756106401.264565,115.50144386291504,859,119,0.7953703703703704,0.16527777777777777,318.6528121600274,5,-13,-396.66925649979595,saccade,True,0,0,0,3.3055555555555554,9.544444444444444,117.89485144615173,190,686.389872585452,108.0104173268337,1.611605576234872
243,1756106401.2979445,115.53482341766357,864,107,0.8,0.1486111111111111,389.4599582869061,5,-12,70.8071461268787,saccade,True,0.3334634304046631,855.22265625,86.283203125,2.9722222222222223,9.6,117.89485144615173,190,686.389872585452,108.0104173268337,1.611605576234872
244,1756106401.3279357,115.56481456756592,867,97,0.8027777777777778,0.13472222222222222,348.1129114057298,3,-10,-41.34704688117631,saccade,True,0.3334634304046631,855.22265625,86.283203125,2.6944444444444446,9.633333333333333,117.89485144615173,190,686.389872585452,108.0104173268337,1.611605576234872
245,1756106401.3584871,115.59536600112915,870,89,0.8055555555555556,0.12361111111111112,279.65966728317255,3,-8,-68.45324412255724,smooth_pursuit,True,0.3334634304046631,855.22265625,86.283203125,2.4722222222222223,9.666666666666666,117.89485144615173,190,686.389872585452,108.0104173268337,1.611605576234872
246,1756106401.3893986,115.62627744674683,855,82,0.7916666666666666,0.11388888888888889,535.495672443787,-15,-7,255.8360051606145,saccade,True,0.3334634304046631,855.22265625,86.283203125,2.2777777777777777,9.5,117.89485144615173,190,686.389872585452,108.0104173268337,1.611605576234872
247,1756106401.4221585,115.65903735160828,861,82,0.7972222222222223,0.11388888888888889,183.1507150394818,6,0,-352.3449574043052,smooth_pursuit,True,0.3334634304046631,855.22265625,86.283203125,2.2777777777777777,9.566666666666666,117.89485144615173,190,686.389872585452,108.0104173268337,1.611605576234872
248,1756106401.459071,115.69594979286194,848,79,0.7851851851851852,0.10972222222222222,361.44084788222176,-13,-3,178.29013284273995,saccade,True,0.3334634304046631,855.22265625,86.283203125,2.1944444444444446,9.422222222222222,117.89485144615173,190,686.389872585452,108.0104173268337,1.611605576234872
249,1756106401.486517,115.72339582443237,856,90,0.7925925925925926,0.125,495.57148084706085,8,11,134.1306329648391,saccade,True,0.3334634304046631,855.22265625,86.283203125,2.5,9.511111111111111,117.89485144615173,190,686.389872585452,108.0104173268337,1.611605576234872
250,1756106401.5202754,115.7571542263031,863,117,0.799074074074074,0.1625,826.2432406834068,7,27,330.671759836346,saccade,False,0,0,0,3.25,9.588888888888889,117.89485144615173,190,686.389872585452,108.0104173268337,1.611605576234872
251,1756106401.5492654,115.7861442565918,868,139,0.8037037037037037,0.19305555555555556,778.2340384154027,5,22,-48.009202268004174,saccade,False,0,0,0,3.861111111111111,9.644444444444444,117.89485144615173,190,686.389872585452,108.0104173268337,1.611605576234872
252,1756106401.5864089,115.82328772544861,873,158,0.8083333333333333,0.21944444444444444,528.9458230228158,5,19,-249.28821539258684,saccade,True,0.11271142959594727,876.25,169.25,4.388888888888889,9.7,117.89485144615173,190,686.389872585452,108.0104173268337,1.611605576234872
253,1756106401.6307569,115.86763572692871,876,175,0.8111111111111111,0.24305555555555555,389.2548914380562,3,17,-139.69093158475965,saccade,True,0.11271142959594727,876.25,169.25,4.861111111111111,9.733333333333333,117.89485144615173,190,686.389872585452,108.0104173268337,1.611605576234872
254,1756106401.6655724,115.90245127677917,878,172,0.812962962962963,0.2388888888888889,103.56152038242045,2,-3,-285.69337105563574,smooth_pursuit,True,0.11271142959594727,876.25,169.25,4.777777777777778,9.755555555555556,117.89485144615173,190,686.389872585452,108.0104173268337,1.611605576234872
255,1756106401.6991203,115.93599915504456,836,159,0.774074074074074,0.22083333333333333,1310.5417733475874,-42,-13,1206.980252965167,saccade,False,0,0,0,4.416666666666667,9.28888888888889,117.89485144615173,190,686.389872585452,108.0104173268337,1.611605576234872
256,1756106401.7313354,115.96821427345276,816,148,0.7555555555555555,0.20555555555555555,708.5314457579173,-20,-11,-602.0103275896702,saccade,False,0,0,0,4.111111111111111,9.066666666666666,117.89485144615173,190,686.389872585452,108.0104173268337,1.611605576234872
257,1756106401.7597857,115.99666452407837,800,138,0.7407407407407407,0.19166666666666668,663.1914253552706,-16,-10,-45.3400204026467,saccade,False,0,0,0,3.8333333333333335,8.88888888888889,117.89485144615173,190,686.389872585452,108.0104173268337,1.611605576234872
258,1756106401.7932088,116.03008770942688,763,133,0.7064814814814815,0.18472222222222223,1117.0781305215291,-37,-5,453.8867051662586,saccade,False,0,0,0,3.6944444444444446,8.477777777777778,117.89485144615173,190,686.389872585452,108.0104173268337,1.611605576234872
259,1756106401.824905,116.06178379058838,734,127,0.6796296296296296,0.1763888888888889,934.3169472285997,-29,-6,-182.76118329292945,saccade,False,0,0,0,3.5277777777777777,8.155555555555555,117.89485144615173,190,686.389872585452,108.0104173268337,1.611605576234872
260,1756106401.855852,116.09273076057434,712,122,0.6592592592592592,0.16944444444444445,729.0222065549885,-22,-5,-205.29474067361116,saccade,False,0,0,0,3.388888888888889,7.911111111111111,117.89485144615173,190,686.389872585452,108.0104173268337,1.611605576234872
261,1756106401.8869627,116.12384152412415,671,116,0.6212962962962963,0.16111111111111112,1331.9087666834669,-41,-6,602.8865601284783,saccade,False,0,0,0,3.2222222222222223,7.455555555555556,117.89485144615173,190,686.389872585452,108.0104173268337,1.611605576234872
262,1756106401.918793,116.15567183494568,639,113,0.5916666666666667,0.15694444444444444,1009.7393500233579,-32,-3,-322.16941666010894,saccade,False,0,0,0,3.138888888888889,7.1,117.89485144615173,190,686.389872585452,108.0104173268337,1.611605576234872
263,1756106401.968,116.20487880706787,615,111,0.5694444444444444,0.15416666666666667,489.4263580734132,-24,-2,-520.3129919499447,saccade,False,0,0,0,3.0833333333333335,6.833333333333333,117.89485144615173,190,686.389872585452,108.0104173268337,1.611605576234872
264,1756106402.0032513,116.24013018608093,597,108,0.5527777777777778,0.15,517.6616660622897,-18,-3,28.235307988876457,saccade,False,0,0,0,3.0,6.633333333333334,117.89485144615173,190,686.389872585452,108.0104173268337,1.611605576234872
265,1756106402.0315578,116.26843667030334,584,105,0.5407407407407407,0.14583333333333334,471.32889974244347,-13,-3,-46.3327663198462,saccade,False,0,0,0,2.9166666666666665,6.488888888888889,117.89485144615173,190,686.389872585452,108.0104173268337,1.611605576234872
266,1756106402.0633185,116.30019736289978,575,117,0.5324074074074074,0.1625,472.28189229360277,-9,12,0.9529925511592978,saccade,False,0,0,0,3.25,6.388888888888889,117.89485144615173,190,686.389872585452,108.0104173268337,1.611605576234872
267,1756106402.0985928,116.33547163009644,568,180,0.5259259259259259,0.25,1796.9954021602573,-7,63,1324.7135098666545,saccade,False,0,0,0,5.0,6.311111111111111,117.89485144615173,190,686.389872585452,108.0104173268337,1.611605576234872
268,1756106402.1313303,116.36820912361145,563,231,0.5212962962962963,0.32083333333333336,1565.3156793379176,-5,51,-231.67972282233973,saccade,False,0,0,0,6.416666666666667,6.2555555555555555,117.89485144615173,190,686.389872585452,108.0104173268337,1.611605576234872
269,1756106402.1583798,116.39525866508484,559,273,0.5175925925925926,0.37916666666666665,1559.7323991966564,-4,42,-5.583280141261184,saccade,False,0,0,0,7.583333333333333,6.211111111111111,117.89485144615173,190,686.389872585452,108.0104173268337,1.611605576234872
270,1756106402.1962996,116.4331784248352,556,308,0.5148148148148148,0.42777777777777776,926.3860417829083,-3,35,-633.3463574137481,saccade,False,0,0,0,8.555555555555555,6.177777777777778,117.89485144615173,190,686.389872585452,108.0104173268337,1.611605576234872
271,1756106402.2325706,116.46944952011108,554,338,0.512962962962963,0.46944444444444444,828.9408557436306,-2,30,-97.4451860392777,saccade,False,0,0,0,9.38888888888889,6.155555555555556,117.89485144615173,190,686.389872585452,108.0104173268337,1.611605576234872
272,1756106402.2543561,116.49123501777649,552,364,0.5111111111111111,0.5055555555555555,1196.9802123097606,-2,26,368.0393565661301,saccade,False,0,0,0,10.11111111111111,6.133333333333334,117.89485144615173,190,686.389872585452,108.0104173268337,1.611605576234872
273,1756106402.288178,116.52505683898926,550,396,0.5092592592592593,0.55,947.9808577445395,-2,32,-248.9993545652211,saccade,True,0.11256217956542969,548.75,418.25,11.0,6.111111111111111,117.89485144615173,190,686.389872585452,108.0104173268337,1.611605576234872
274,1756106402.3329742,116.56985306739807,549,415,0.5083333333333333,0.5763888888888888,424.729899508618,-1,19,-523.2509582359215,saccade,True,0.11256217956542969,548.75,418.25,11.527777777777779,6.1,117.89485144615173,190,686.389872585452,108.0104173268337,1.611605576234872
275,1756106402.3669915,116.6038703918457,548,431,0.5074074074074074,0.5986111111111111,471.2663268553278,-1,16,46.536427346709786,saccade,True,0.11256217956542969,548.75,418.25,11.972222222222221,6.088888888888889,117.89485144615173,190,686.389872585452,108.0104173268337,1.611605576234872
276,1756106402.4007401,116.63761901855469,546,454,0.5055555555555555,0.6305555555555555,684.0809541765548,-2,23,212.81462732122696,saccade,True,0,0,0,12.61111111111111,6.066666666666666,117.89485144615173,190,686.389872585452,108.0104173268337,1.611605576234872
277,1756106402.4356155,116.6724944114685,545,475,0.5046296296296297,0.6597222222222222,602.8260697615989,-1,21,-81.25488441495588,saccade,True,0,0,0,13.194444444444445,6.055555555555555,117.89485144615173,190,686.389872585452,108.0104173268337,1.611605576234872
278,1756106402.4684277,116.70530652999878,544,490,0.5037037037037037,0.6805555555555556,458.1629303972781,-1,15,-144.66313936432078,saccade,True,0,0,0,13.61111111111111,6.044444444444444,117.89485144615173,190,686.389872585452,108.0104173268337,1.611605576234872
279,1756106402.5042486,116.74112749099731,544,505,0.5037037037037037,0.7013888888888888,418.7492345784191,0,15,-39.413695818859026,saccade,True,0.22481155395507812,542.421875,530.390625,14.027777777777779,6.044444444444444,117.89485144615173,190,686.389872585452,108.0104173268337,1.611605576234872
280,1756106402.5366728,116.77355170249939,543,518,0.5027777777777778,0.7194444444444444,402.11941035392096,-1,13,-16.629824224498122,saccade,True,0.22481155395507812,542.421875,530.390625,14.38888888888889,6.033333333333333,117.89485144615173,190,686.389872585452,108.0104173268337,1.611605576234872
281,1756106402.5564358,116.79331469535828,542,531,0.5018518518518519,0.7375,659.7383758372604,-1,13,257.6189654833394,saccade,True,0.22481155395507812,542.421875,530.390625,14.75,6.022222222222222,117.89485144615173,190,686.389872585452,108.0104173268337,1.611605576234872
282,1756106402.5890362,116.82591509819031,542,543,0.5018518518518519,0.7541666666666667,368.09361104610343,0,12,-291.64476479115694,saccade,True,0.22481155395507812,542.421875,530.390625,15.083333333333334,6.022222222222222,117.89485144615173,190,686.389872585452,108.0104173268337,1.611605576234872
283,1756106402.6255517,116.86243057250977,567,498,0.525,0.6916666666666667,1409.7626188441384,25,-45,1041.669007798035,saccade,False,0,0,0,13.833333333333334,6.3,117.89485144615173,190,686.389872585452,108.0104173268337,1.611605576234872
284,1756106402.6525939,116.8894727230072,587,448,0.5435185185185185,0.6222222222222222,1991.396655988951,20,-50,581.6340371448125,saccade,False,0,0,0,12.444444444444445,6.522222222222222,117.89485144615173,190,686.389872585452,108.0104173268337,1.611605576234872
285,1756106402.6966681,116.9335470199585,603,407,0.5583333333333333,0.5652777777777778,998.5720751931059,16,-41,-992.824580795845,saccade,False,0,0,0,11.305555555555555,6.7,117.89485144615173,190,686.389872585452,108.0104173268337,1.611605576234872
286,1756106402.7364826,116.97336149215698,614,372,0.5685185185185185,0.5166666666666667,921.4707775802962,11,-35,-77.10129761280973,saccade,False,0,0,0,10.333333333333334,6.822222222222222,117.89485144615173,190,686.389872585452,108.0104173268337,1.611605576234872
287,1756106402.7682316,117.00511050224304,623,342,0.5768518518518518,0.475,986.5164123804954,9,-30,65.0456348001992,saccade,False,0,0,0,9.5,6.9222222222222225,117.89485144615173,190,686.389872585452,108.0104173268337,1.611605576234872
288,1756106402.798242,117.0351209640503,629,302,0.5824074074074074,0.41944444444444445,1347.7798872971907,6,-40,361.2634749166954,saccade,True,0.1270897388458252,647.25,304.875,8.38888888888889,6.988888888888889,117.89485144615173,190,686.389872585452,108.0104173268337,1.611605576234872
289,1756106402.8320663,117.06894516944885,633,297,0.5861111111111111,0.4125,189.30597665142875,4,-5,-1158.4739106457619,smooth_pursuit,True,0.1270897388458252,647.25,304.875,8.25,7.033333333333333,117.89485144615173,190,686.389872585452,108.0104173268337,1.611605576234872
290,1756106402.862204,117.09908294677734,654,292,0.6055555555555555,0.40555555555555556,716.2782082312111,21,-5,526.9722315797824,saccade,True,0.1270897388458252,647.25,304.875,8.11111111111111,7.266666666666667,117.89485144615173,190,686.389872585452,108.0104173268337,1.611605576234872
291,1756106402.8955069,117.13238573074341,652,314,0.6037037037037037,0.4361111111111111,663.3295900092008,-2,22,-52.94861822201028,saccade,True,0.1270897388458252,647.25,304.875,8.722222222222221,7.2444444444444445,117.89485144615173,190,686.389872585452,108.0104173268337,1.611605576234872
292,1756106402.9253318,117.16221070289612,676,315,0.6259259259259259,0.4375,805.3930168295578,24,1,142.063426820357,saccade,True,0.1270897388458252,647.25,304.875,8.75,7.511111111111111,117.89485144615173,190,686.389872585452,108.0104173268337,1.611605576234872
293,1756106402.9566925,117.19357132911682,695,304,0.6435185185185185,0.4222222222222222,700.0656889181187,19,-11,-105.32732791143917,saccade,True,0.3525700569152832,714.71875,310.78125,8.444444444444445,7.722222222222222,117.89485144615173,190,686.389872585452,108.0104173268337,1.611605576234872
294,1756106402.9903107,117.22718954086304,710,307,0.6574074074074074,0.4263888888888889,455.02296958136816,15,3,-245.0427193367505,saccade,True,0.3525700569152832,714.71875,310.78125,8.527777777777779,7.888888888888889,117.89485144615173,190,686.389872585452,108.0104173268337,1.611605576234872
295,1756106403.0512288,117.2881076335907,720,310,0.6666666666666666,0.4305555555555556,171.38268848279145,10,3,-283.6402810985767,smooth_pursuit,True,0.3525700569152832,714.71875,310.78125,8.61111111111111,8.0,117.89485144615173,190,686.389872585452,108.0104173268337,1.611605576234872
296,1756106403.0763626,117.313241481781,718,310,0.6648148148148149,0.4305555555555556,79.57396674223811,-2,0,-91.80872174055334,smooth_pursuit,True,0.3525700569152832,714.71875,310.78125,8.61111111111111,7.977777777777778,117.89485144615173,190,686.389872585452,108.0104173268337,1.611605576234872
297,1756106403.1881247,117.42500352859497,716,312,0.662962962962963,0.43333333333333335,25.307581646695233,-2,2,-54.26638509554288,fixation,True,0.3525700569152832,714.71875,310.78125,8.666666666666666,7.955555555555556,117.89485144615173,190,686.389872585452,108.0104173268337,1.611605576234872
298,1756106403.277902,117.5147807598114,684,312,0.6333333333333333,0.43333333333333335,356.4378135348809,-32,0,331.1302318881857,saccade,False,0,0,0,8.666666666666666,7.6,117.89485144615173,190,686.389872585452,108.0104173268337,1.611605576234872
299,1756106403.347235,117.58411383628845,699,290,0.6472222222222223,0.4027777777777778,384.0454695559664,15,-22,27.607656021085518,saccade,False,0,0,0,8.055555555555555,7.766666666666667,117.89485144615173,190,686.389872585452,108.0104173268337,1.611605576234872
